id,data,post
772914,1663825390,–î–ª—è —Ç–µ–ª–µ—Ñ–æ–Ω–∞ –∞–Ω–¥—Ä–æ–∏–¥ –Ω–µ –ø–æ–¥—Ö–æ–¥–∏—Ç –ø—Ä–æ–≥—Ä–∞–º–º–∞?
772929,1663849135,–°–ü–ë –Ω–µ –ø–æ—Å–º–æ—Ç—Ä–µ—Ç—å?
772997,1664096753,–ú–æ—Å–∫–≤–∏—á–∏ –∏ –≥–æ—Å—Ç–∏ —Å—Ç–æ–ª–∏—Ü—ã –±—É–¥—Ç–µ –æ—Å—Ç–æ—Ä–æ–∂–Ω—ã! –£–ª–∏—Ü—ã —Å —É—Ç—Ä–∞ —á–µ–º—Ç–æ –ø–µ–Ω—è—â–∏–º—Å—è –ø–æ–ª–∏–≤–∞—é—Ç. –î–æ–º–∞ –≤—Å–µ –æ–∫. –î–æ—à–ª–∞ –¥–æ –º–µ—Ç—Ä–æ –∏ –Ω–∞—á–∞–ª–æ –≥–æ—Ä–ª–æ –¥—Ä–∞—Ç—å.
773019,1664159035,"–ó–¥—Ä–∞–≤—Å—Ç–≤—É–π—Ç–µ, —á—Ç–æ —Å–µ–π—á–∞—Å —Ü–≤–µ—Ç—ë—Ç? –°–∏–ª—å–Ω–∞—è –∞–ª–ª–µ—Ä–≥–∏—è , —É –∫–æ–≥–æ —Ç–æ–∂–µ —Ç–∞–∫. –ê–ª–ª–µ—Ä–≥–∏—è –Ω–∞ –±–µ—Ä—ë–∑—É –µ—Å—Ç—å"
772865,1663742093,"–ú—ã —Å–µ–π—á–∞—Å –≤ –ê–¥–ª–µ—Ä–µ, –¥–æ–∂–¥—å +19, –∞ —Ö–æ—Ç–µ–ª–æ—Å—å –±—ã –∫–∞–∫ –Ω–∞ –∫–∞—Ä—Ç–∏–Ω–∫–µ. –ù–∞—Å–º–æ—Ä–∫, –Ω–µ–±–æ–ª—å—à–æ–π –∫–∞—à–µ–ª—å, –Ω–µ –ø–æ–Ω—è—Ç–Ω–æ –∞–ª–ª–µ—Ä–≥–∏—è –∏–ª–∏ —á—Ç–æ –µ—â–µü§∑‚Äç‚ôÄÔ∏è"
772867,1663743420,"–£–ª—å—è–Ω–æ–≤—Å–∫. –ö–∞—à–µ–ª—å, –Ω–∞—Å–º–æ—Ä–∫."
772868,1663743959,"–ú–æ—Å–∫–≤–∞. –î–∏–∫–∏–µ —á–∏—Ö–∏ , –Ω–∞—Å–º–æ—Ä–∫,–≥–ª–∞–∑–∞ —á–µ—à—É—Ç—Å—è –Ω–µ–º–Ω–æ–≥–æ. –ù–µ –ø–æ–Ω–∏–º–∞—é –Ω–∞ —á—Ç–æ —Ä–µ–∞–∫—Ü–∏—è"
772869,1663744098,"–ó–µ–ª–µ–Ω–æ–≥—Ä–∞–¥, —Ö—É–∂–µ, —á–µ–º –≤—á–µ—Ä–∞, —Ä–µ–±–µ–Ω–æ–∫ –¥–æ–º–∞ –æ—Å—Ç–∞–ª—Å—è. –¢–æ—Ç –∂–µ –≤–æ–ø—Ä–æ—Å - –Ω–∞ —á—Ç–æ —Ä–µ–∞–∫—Ü–∏—è?"
772873,1663747284,"–ß–µ–±–æ–∫—Å–∞—Ä—ã, –∏–∑-–∑–∞ –ø–æ–≥–æ–¥—ã –≤—Å—ë —Å–ø–æ–∫–æ–π–Ω–æ"
772874,1663747704,"–ú–æ—Å–∫–≤–∞, –Ω–∞—Å–º–æ—Ä–∫, —á–∏—Ö–∏."
772877,1663750757,–ú–æ—Å–∫–≤–∞: –Ω–æ—Å –∑–∞–ª–∏–≤–∞–µ—Ç –Ω–∞ —É–ª–∏—Ü–µ.
772881,1663755510,"–ë—ã–ª–∏ –≤ –ë–µ–ª–≥–æ—Ä–æ–¥–µ –∞–ª–ª–µ—Ä–≥–∏–∏ –Ω–µ –±—ã–ª–æ, –Ω–µ—Å–º–æ—Ç—Ä—è –Ω–∞ —Ç–æ, —á—Ç–æ –ø–æ–ª—è —Ä—è–¥–æ–º —Å –¥–æ–º–æ–º. –ò –ø–æ–ª—ã–Ω—å –ø—Ä–∏—Å—É—Ç—Å—Ç–≤—É–µ—Ç. –ü–æ–µ—Ö–∞–ª–∏ –≤ –ú–æ—Å–∫–≤—É - —É –≤—Å–µ—Ö –∞–ª–ª–µ—Ä–≥–∏—è, —Ç–æ–ª—å–∫–æ –≤–æ—Ç –Ω–µ–ø–æ–Ω—è—Ç–Ω–æ –≥–¥–µ –≤–æ–æ–±—â–µ –∑–¥–µ—Å—å –µ—Å—Ç—å –ø–æ–ª—ã–Ω—å..."
772883,1663757103,"–ú–æ—Å–∫–≤–∞, –ú–æ—Å–∫–æ–≤—Å–∫–∞—è –æ–±–ª–∞—Å—Ç—å. –£ –º–µ–Ω—è –∏ —É –º–∞–º—ã –ø–æ—á–µ–º—É-—Ç–æ –Ω–æ—á—å—é –æ—Ç–µ–∫–ª–∏ –≤–µ–∫–∏. –ò–Ω—Ç–µ—Ä–µ—Å–Ω–æ, —á—Ç–æ —Ç–∞–∫–æ–µ –≤ –≤–æ–∑–¥—É—Ö–µ"
772885,1663761375,"–ú–æ—Å–∫–≤–∞, —Ä–µ–±–µ–Ω–æ–∫ 5,5 –ª–µ—Ç –ø—Ä–æ—Å—ã–ø–∞–µ—Ç—Å—è —Å –∑–∞–±–∏—Ç—ã–º —Ö—Ä—é–∫–∞—é—à–∏–º –Ω–æ—Å–æ–º, –Ω–∞—Å–º–æ—Ä–∫–æ–º, –≤ –Ω–æ—Å—É –æ—Ç—Ç–µ—á–Ω–æ—Å—Ç—å, —á–∏—Ö–∞–µ—Ç –≤–µ—Å—å –¥–µ–Ω—å, –¥–Ω–µ–º –∏ –≤–µ—á–µ—Ä–æ–º –Ω–æ—Å –¥—ã—à–∏—Ç. –ö–∞–∂–¥–æ–µ —É—Ç—Ä–æ –ø–æ–≤—Ç–æ—Ä–µ–Ω–∏–µ."
772888,1663763559,"–ú–∞–≥–Ω–∏—Ç–æ–≥–æ—Ä—Å–∫.  –ß–∏—Ö–∞–Ω–∏–µ,–∑–∞–ª–æ–∂–µ–Ω–Ω–æ—Å—Ç—å, —Ç–µ—á–µ—Ç –∏–∑ –Ω–æ—Å–∞. –° –ø—Ä–∏—Ö–æ–¥–æ–º –±–∞–±—å–µ–≥–æ –ª–µ—Ç–∞ –æ–ø—è—Ç—å –ø—Ä–∏—à–ª–∞ –∞–ª–ª–µ—Ä–≥–∏—è ü§ß"
772897,1663771088,"–ü–æ–¥–º–æ—Å–∫–æ–≤—å–µ. –ü–æ–∫–∞ —Å —Ç–∞–±–ª–µ—Ç–∫–∞–º–∏,–±–µ–∑ –Ω–∏—Ö –ø–ª–æ—Ö–æ"
772903,1663781531,"–ö—Ä–∞—Å–Ω–æ–¥–∞—Ä—Å–∫–∏–π –∫—Ä–∞–π,—Ä–µ–±–µ–Ω–æ–∫ 13 –ª–µ—Ç,—Å —É—Ç—Ä–∞ —á–∏—Ö–∞–Ω–∏–µ ,–Ω–∞ –≤–µ—Å—å –¥–µ–Ω—å,–∫ –≤–µ—á–µ—Ä—É –ª—É—á—à–µ,–ø—Ä–∏–Ω–∏–º–∞–µ—Ç –ù–∞–∑–∞–Ω–µ–∫—Å+ –õ–æ—Ä–∞—Ç–∞–¥–∏–Ω"
772910,1663795626,"–ú–æ—Å–∫–≤–∞, –æ—Ç–ª–∏—á–Ω–æ"
772921,1663831989,–°—Ç–∞–≤—Ä–æ–ø–æ–ª—å. –ó–∞—Ç—è–∂–Ω–æ–π –¥–æ–∂–¥—å. –°–∏–º–ø—Ç–æ–º–æ–≤ –Ω–µ—Ç.
772924,1663842132,"–£—Ñ–∞. –ß–∏—Ö–∞—é. –ò —ç—Ç–æ –Ω–µ –Ω–∞—Å–º–æ—Ä–∫. –í —Ç–æ–º –≥–æ–¥—É –±–ª–∏–∂–µ –∫ –æ–∫—Ç—è–±—Ä—é —Ç–∞–∫ –±—ã–ª–æ. –ù–µ –ø–æ–Ω—è—Ç–Ω–æ –Ω–∞ —á—Ç–æ. –ü–æ –ø—Ä–æ–±–∞–º –µ—Å—Ç—å —Ä–µ–∞–∫—Ü–∏—è –Ω–∞ –ü–æ–ª—ã–Ω—å, –ü–æ–¥—Å–æ–ª–Ω—É—Ö, –¶–∏–∫–ª–æ—Ö–µ–Ω, –∏ –Ω–µ–º–Ω–æ–≥–æ –ê–º–±—Ä–æ–∑–∏—è."
772925,1663844028,"–ö–∞–∫–∞—è-—Ç–∞ —Ö—Ä–µ–Ω—å —É –¥–æ—á–µ—Ä–∏ –±–µ—Ä–µ–∑–æ–≤–∏–∫–∞ (–º–æ). –ü–æ—Å–ª–µ –æ—Ä–≤–∏ –Ω–æ—Å –∫–∞–∫ –∞–ª–ª–µ—Ä–≥–∏—á–µ—Å–∫–∏–π, –≥—É–Ω–¥–æ—Å–∏—Ç, —á–µ—à–µ—Ç, —Ç–µ—á–µ—Ç. –õ–∏—Å—Ç—å—è –±–µ—Ä–µ–∑–æ–≤—ã–µ —á—Ç–æ –ª–∏ –≥–Ω–∏—é—Ç –ø–∞–¥–∞—é—Ç, –≥–æ–≤–æ—Ä—è—Ç –Ω–∞ –Ω–∏—Ö –±—ã–≤–∞–µ—Ç —Ä–µ–∞–∫—Ü–∏—è"
772928,1663847126,"–ö–µ–º–µ—Ä, –≤—Å–µ —Å—É–ø–µ—Ä, –ø–æ—Å–ª–µ –ø—Ä–∏–µ–∑–¥–∞ —Å—é–¥–∞ –≤—Å–µ —Å–∏–º–ø—Ç–æ–º—ã –ø—Ä–æ—à–ª–∏ –∑–∞ –¥–≤–∞ –¥–Ω—è –ø–æ–ª–Ω–æ—Å—Ç—å—é"
772932,1663869024,–°—Ç–∞–Ω–¥–∞—Ä—Ç–Ω–æ: –ø–æ–ª–µ—Ç–µ–ª–∞ –ª–∏—Å—Ç–≤–∞ –∏ –º–æ–π –±–µ—Ä–µ–∑–æ–≤–∏–∫ –≤–µ—Å—å –≤ —Å–æ–ø–ª—è—Ö. –ù–æ –º–æ–∂–µ—Ç –∏ –≤–∏—Ä—É—Å. –ú–æ—Å–∫–æ–≤—Å–∫–∞—è –æ–±–ª–∞—Å—Ç—å. –Æ–≥–æ-–≤–æ—Å—Ç–æ–∫
772934,1663876725,–ü–ª–µ—Å–µ–Ω—å —Å–µ–π—á–∞—Å –≤–µ—Ä–æ—è—Ç–Ω–æ
772937,1663881485,–†–µ–±–µ–Ω–æ–∫ –∫–∞—à–ª—è–µ—Ç. –¢–≤–µ—Ä—å.
772944,1663910724,"–ú–æ—Å–∫–≤–∞, —Ä–µ–±–µ–Ω–æ–∫ –∑–∞–∫–∞—à–ª–∏–≤–∞–µ—Ç—Å—è, —Å–æ–ø–ª–∏ —Ä—É—á—å–µ–º(. –í—Ä–∞—á –Ω–∞–ø—Ä–∞–≤–∏–ª –≤ –°–ø–∏—Ä–∞–Ω—Å–∫–æ–≥–æ , –ø–æ–¥–æ–∑—Ä–µ–Ω–∏—è –Ω–∞ –∞—Å—Ç–º—Éüò∞."
772832,1663650311,"–ü–æ–¥—Å–µ–ª–∞ –Ω–∞ —Å–æ—Å—É–¥–æ—Å—É–∂–∏–≤–∞—é—â–∏–µ –∫–∞–ø–ª–∏. –¢–µ–ø–µ—Ä—å —è –Ω–∞—Ä–∫–æ–º–∞–Ωüò∞üò∞ü§ßü§ßü§ß–ú–æ–≥—É —á–∏—Ö–Ω—É—Ç—å —Å–µ–π—á–∞—Å —Ç–∞–∫, —á—Ç–æ –∞–∂ –∏—Å–∫—Ä—ã –∏–∑ –≥–ª–∞–∑. –ù–µ–º–Ω–æ–≥–æ –Ω–∞—Å–º–æ—Ä–∫. –ó–∞–ø–∞—Ö–∏ –Ω–µ –æ—â—É—â–∞—é. 

–ü—Ä–∏ —ç—Ç–æ–º —è —Å—á–∏—Ç–∞—é —Å–µ–±—è –∞–¥–µ–∫–≤–∞—Ç–Ω—ã–º —á–µ–ª–æ–≤–µ–∫–æ–º, —Ç—Ä—É–¥–æ—Å–ø–æ—Å–æ–±–Ω—ã–º. –ê–ì –ø—å—é —Ä–µ–¥–∫–æ, 2 —Ä–∞–∑–∞ –≤ –Ω–µ–¥–µ–ª—é."
772833,1663655275,–ó–µ–ª–µ–Ω–æ–≥—Ä–∞–¥. –†–µ–∞–≥–∏—Ä—É–µ–º... (
772834,1663655724,–†—è–∑–∞–Ω—å —Ä–µ–∞–≥–∏—Ä—É–µ–º
772835,1663656710,"–ú–æ, –±–µ—Ä–µ–∑–æ–≤–∏–∫ —Ä–µ–∞–≥–∏—Ä—É–µ—Ç –Ω–µ–ø–æ–Ω—è—Ç–Ω–æ –Ω–∞ —á—Ç–æ("
772836,1663657325,"–ó–µ–ª–µ–Ω–æ–≥—Ä–∞–¥, –±–µ—Ä–µ–∑–∞ –∏ –∞–ª—å—Ç–µ—Ä–Ω–∞—Ä–∏—è, —Å —Å—É–±–±–æ—Ç—ã —Ä–µ–±—ë–Ω–æ–∫ –≥–Ω—É—Å–∞–≤–∏—Ç, —Ö–æ—Ç—è —Å–∏–¥–∏—Ç –Ω–∞ —Å–∏–Ω–≥—É–ª—è—Ä–µ –∏ –Ω–∞–∑–æ–Ω–µ–∫—Å–µ"
772848,1663688774,–° —Å—É–±–±–æ—Ç—ã  –¥–æ—á—å —Ä–µ–∞–≥–∏—Ä—É–µ—Ç...
772849,1663689791,"–ú–æ—Å–∫–≤–∞. –ù–∞ —á—Ç–æ —Ä–µ–∞–∫—Ü–∏—è –Ω–µ–ø–æ–Ω—è—Ç–Ω–æ. –û—Ç–µ–∫–∞—é—Ç –≤–µ–∫–∏ (–∫–∞–∫ –Ω–∞ –±–µ—Ä—ë–∑—É –≤–µ—Å–Ω–æ–π), —á–∏—Ö–∞—é –∏ –∫–∞—à–ª—è—é. –ü—å—é —Å–∏–Ω–≥—É–ª—è—Ä."
772853,1663696808,"–ë—Ä—è–Ω—Å–∫. –†–µ–±–µ–Ω–æ–∫ ( –±–µ—Ä—ë–∑–∞, –∑–ª–∞–∫–∏ ) —Å —Å—É–±–±–æ—Ç—ã –Ω–µ–±–æ–ª—å—à–∞—è –æ—Å–∏–ø–ª–æ—Å—Ç—å –≥–æ–ª–æ—Å–∞ –∏ –∫–∞—à–µ–ª—å. –ü—Ä–∏–Ω–∏–º–∞–µ–º –ê–ì.  –ö–∞–∂–¥—ã–π –≥–æ–¥ –≤ —ç—Ç–æ –≤—Ä–µ–º—è —Ç–∞–∫–∞—è —Ä–µ–∞–∫—Ü–∏—è, –Ω–µ –º–æ–≥—É –ø–æ–Ω—è—Ç—å –Ω–∞ —á—Ç–æ"
772856,1663697914,–Ø—Ä–æ—Å–ª–∞–≤–ª—å. –ù–æ—Ä–º. –í —ç—Ç–æ–º –≥–æ–¥—É –ø–æ–ª—ã–Ω—å –∫–∞–∫-—Ç–æ –ª–µ–≥–∫–æ –ø—Ä–æ—à–ª–∞
772857,1663703195,"–ó–µ–ª–µ–Ω–æ–≥—Ä–∞–¥. –î–æ—á—å –±–µ—Ä–µ–∑–æ–≤–∏–∫ —Ä–µ–∞–≥–∏—Ä—É–µ—Ç –Ω–µ–ø–æ–Ω—è—Ç–Ω–æ –Ω–∞ —á—Ç–æ(((
–° —É—Ç—Ä–∞ —á–∏—Ö, –∫–∞—à–µ–ª—å, —Ç—Ä–µ—Ç –Ω–æ—Å –∏ –≥–ª–∞–∑–∞üò≠"
772858,1663703237,"–ö—Ç–æ-–Ω–∏–±—É–¥—å, –ø—Ä–æ—è—Å–Ω–∏—Ç–µ –ø–æ–∂–∞–ª—É–π—Å—Ç–∞, —á—Ç–æ —Å–µ–π—á–∞—Å —Ü–≤–µ—Ç—ë—Ç –≤ –ú–æ—Å–∫–≤–µ –∏ –æ–±–ª–∞—Å—Ç–∏??? üôèüôèüôè"
772871,1663745832,"–£—Ñ–∞ —á—Ç–æ —Ü–≤–µ—Ç–µ—Ç?—Å—ã–Ω 4 –≥–æ–¥–∞ –∫–∞—à–µ–ª—å, –Ω–∞—Å–º–æ—Ä–∫"
772911,1663795808,"–ú–æ—Å–∫–≤–∞, –æ—Ç–ª–∏—á–Ω–æ. –í—Å–µ –∫—Ç–æ –Ω–µ –∑–Ω–∞–µ—Ç –Ω–∞ , —á—Ç–æ —É –≤–∞—Å –∞–ª–ª–µ—Ä–≥–∏—è, —Ç–æ —ç—Ç–æ –±–µ—Ä–µ–∑–∞ –ø–æ—Ç–æ–º—É —á—Ç–æ, —è –Ω–µ –±–µ—Ä–µ–∑–æ–≤–∏–∫ –∏ –Ω–µ—Ç –∞–ª–ª–µ—Ä–≥–∏–∏. –£ –º–µ–Ω—è –Ω–∞ –ø–æ–ª—ã–Ω—å –∏ –∞–º–±—Ä–æ–∑–∏—è."
772933,1663869293,"–ï—Å—Ç—å –≤–µ—Ä–æ—è—Ç–Ω–æ—Å—Ç—å, —á—Ç–æ —ç—Ç–æ –æ—Ä–µ—à–Ω–∏–∫ –∑–∞—Ü–≤–µ–ª"
772794,1663531267,"–ù–∏ –æ–¥–Ω–æ–≥–æ –∫–æ–º–º–µ–Ω—Ç–∞—Ä–∏—è, —É –≤—Å–µ—Ö –≤—Å—ë —Ö–æ—Ä–æ—à–æ, —ç—Ç–æ –∑–¥–æ—Ä–æ–≤–æüòäüëè"
772795,1663537675,–ú–æ—Å–∫–≤–∞. –ó—É–¥—è—Ç –≥–ª–∞–∑–∞ —É–∂–µ –Ω–µ–¥–µ–ª—é. –ù–µ –ø–æ–π–º—É —á—Ç–æ —Ü–≤–µ—Ç–µ—Ç. –ü–æ–ª—ã–Ω—å —É–∂–µ —É—à–ª–∞. –ò–ª–∏ –µ—â–µ –Ω–µ—Ç?
772797,1663564923,"–ú–æ—Å–∫–≤–∞. –£ —Ä–µ–±—ë–Ω–∫–∞ –∫—Ä–∞—Å–Ω–æ–≤–∞—Ç—ã–µ –≥–ª–∞–∑–∞ –∏ —á–∞—Å—Ç–æ –º–æ—Ä–≥–∞–µ—Ç. –¢–æ –ª–∏ –Ω–µ—Ä–≤–Ω—ã–π —Ç–∏–∫, —Ç–æ –ª–∏ –∞–ª–ª–µ—Ä–≥–∏—è."
772798,1663570044,–°–ø–±. –ó—É–¥ –∏ –æ—Ç—ë–∫ –≥–ª–∞–∑ –≤—Ç–æ—Ä–æ–π –¥–µ–Ω—å.
772811,1663582320,–ü–æ–ª—É–æ—Å—Ç—Ä–æ–≤ –ì–∞–º–æ–≤–∞?) –ü—Ä–∏–º–æ—Ä—å–µ üòç
772813,1663595000,–ß–µ–±–æ–∫—Å–∞—Ä—ã. –†–µ–±–µ–Ω–æ–∫ —É–∂–µ 3 –Ω–µ–¥–µ–ª–∏ —Å –ø–æ—Å—Ç–Ω–∞–∑–∞–ª—å–Ω—ã–º –∑–∞—Ç—ë–∫–æ–º (( –ü–æ –∞–Ω–∞–ª–∏–∑–∞–º —Å—Ä–µ–¥–∏ –ø—Ä–æ—á–µ–≥–æ –∞–ª–ª–µ—Ä–≥–∏—è –Ω–∞ alternaria alternata.
772935,1663878840,"–ö—Ä–∞—Å–Ω–æ–¥–∞—Ä. –°–ª–µ–∑—ã, –∑–∞–ª–æ–∂–µ–Ω–Ω—ã–π –Ω–æ—Å —É–∂–µ 2 –º–µ—Å—è—Ü–∞"
772765,1663427937,–ê–ª–ª–µ—Ä–≥–∏–∫–∏ –æ—Ç–¥—ã—Ö–∞—é—Ç üòå
772774,1663472856,–£ –º–µ–Ω—è –Ω–∞ —É–¥–∏–≤–ª–µ–Ω–∏–µ —Ä–µ–∞–∫—Ü–∏—è –Ω–∞ –≥—Ä–∏–±–æ–∫ —ç—Ç–æ–π –æ—Å–µ–Ω—å—é ü§ß –∑–∞ —ç—Ç–æ—Ç –≥–æ–¥ –æ—á–µ–Ω—å —Å–∏–ª—å–Ω–æ —Ä–∞–∑—Ä–æ—Å–ª–∞—Å—å —Ä–µ–∞–∫—Ü–∏—è –Ω–∞ –≤—Å–µ
772542,1663311093,–ê —è –∑–∞—à–ª–∞ –≤ –ø—Ä–∏–ª–æ–∂–µ–Ω–∏–µ –∏ —Ç–∞–º –≤—Å–µ –ø–æ –Ω—É–ª—è–º. –≠—Ç–æ –±–∞–≥ –∏–ª–∏ —Ä–µ–∞–ª—å–Ω–æ –≤—Å–µ –ø–æ –Ω—É–ª—è–º?
772554,1663312530,"–û—Ç–ª–∏—á–Ω–æ –≤  –ü–æ–¥–º–æ—Å–∫–æ–≤—å–µ,–Ω–∞–∫–æ–Ω–µ—Ü –¥—ã—à—É –Ω–∞ 100 –ø—Ä–æ—Ü–µ–Ω—Ç–æ–≤,–≤–æ–∑–¥—É—Ö –≤–ª–∞–∂–Ω—ã–π"
772559,1663312929,"–ù–∞ —É–ª–∏—Ü–µ –∑–∞–∫–ª–∞–¥—ã–≤–∞–µ—Ç –Ω–æ—Å, –ú–û, –æ—Ç –≤–ª–∞–∂–Ω–æ—Å—Ç–∏ –Ω–∞–≤–µ—Ä–Ω–æ–µ"
772562,1663313471,"–°–∞—Ä–∞—Ç–æ–≤. –ù–µ –æ—á–µ–Ω—å. –ù–µ –ø–æ–Ω—è—Ç–Ω–æ –ø—Ä–æ—Å—Ç—É–¥–∞ –∏–ª–∏ –∞–ª–ª–µ—Ä–≥–∏—è, —Ç–∞–∫ –∫–∞–∫ –ø—Ä–æ—è–≤–ª–µ–Ω–∏—è —Å–∏–ª—å–Ω—ã–µ, –Ω–æ –∫–∞–∫ –ø—Ä–∏ –∞–ª–ª–µ—Ä–≥–∏–∏ –≤ –ø–µ—Ä–≤–æ–π –ø–æ–ª–æ–≤–∏–Ω–µ –¥–Ω—è. –ù–∞—Å–º–æ—Ä–∫, —á–∏—Ö–∞–Ω–∏–µ, —á–µ—à–µ—Ç—Å—è –≥–æ—Ä–ª–æ."
772566,1663317027,"–ú–û, –Ω–∞–∫–æ–Ω–µ—Ü-—Ç–æ –≥–ª–∞–∑–∞ –∑–¥–æ—Ä–æ–≤–æ–≥–æ, —á–µ–ª–æ–≤–µ—á–µ—Å–∫–æ–≥–æ –≤–∏–¥–∞ü•≥"
772594,1663335860,"–ú–æ—Å–∫–≤–∞. –ù–∞ —É–ª–∏—Ü–µ –¥–æ–∂–¥—å –¥–æ–∂–¥–ª–∏–≤—ã–π, –∞ —è —á–∏—Ö–∞—é.  (–ü–æ–ª—ã–Ω—å)."
772601,1663338761,"–í –ú–æ—Å–∫–≤–µ –µ—â–µ –∏ –ø–æ–ª—ã–Ω—å –∏ –∞–º–±—Ä–æ–∑–∏—è, –Ω–æ —É–∂–µ –º–∏–Ω–∏–º–∞–ª—å–Ω—ã–µ –∫–æ–Ω—Ü–µ–Ω—Ç—Ä–∞—Ü–∏–∏ https://allergo.space/pollen-monitoring/"
772613,1663348454,–ú–æ—Å–∫–≤–∞. –¢–∞–∫ –≤ –º–∞–µ –Ω–µ –º–∞—è–ª–∞—Å—å –∫–∞–∫ —Å–µ–π—á–∞—Å.
772614,1663349759,"–ú–æ—Å–∫–≤–∞. –£ –¥–µ—Ç–µ–π —Å 1—Å–µ–Ω—Ç—è–±—Ä—è –≤—Å–µ —Ö—É–∂–µ –∏ —Ö—É–∂–µ. –ü–æ–ª–∏–≤–∞–ª–µ–Ω—Ç–Ω–∏–∫–∏, –æ–±—ã—á–Ω–æ –∫ –æ—Å–µ–Ω–∏ –≤—Å–µ –∑–∞–∫–∞–Ω—á–∏–≤–∞–ª–æ—Å—å."
772615,1663350208,–°–ø–±. –í–µ—á–µ—Ä–æ–º –¥–æ–º–∞ –º–≥–Ω–æ–≤–µ–Ω–Ω–æ –∑–∞–ª–æ–∂–∏–ª–æ –Ω–æ—Å. –í—Å—è –≤ –Ω–µ–ø–æ–Ω–∏–º–∞–Ω–∏–∏.
772617,1663350330,–ü—Å–∫–æ–≤. –ü–µ—Ä–∏–æ–¥–∏—á–µ—Å–∫–∏ –ø—à–∏–∫–∞—é —Å–∞–ª—å–±—É—Ç–∞–º–æ–ª.  –†–µ–∑–∫–æ –Ω–∞—á–∏–Ω–∞—é –∑–∞–¥—ã—Ö–∞—Ç—å—Å—è. –ß—Ç–æ —ç—Ç–æ –Ω–µ –∑–Ω–∞—é.
772635,1663354096,"–°—ã–Ω 3-—é –Ω–µ–¥–µ–ª—é —Å –Ω–∞—Å–º–æ—Ä–∫–æ–º, –Ω–∞–∑–æ–Ω–µ–∫—Å –Ω–µ –ø–æ–º–æ–≥–∞–µ—Ç, –Ω–∞—á–∞–ª –ø–∏—Ç—å —Ü–µ—Ç—Ä–∏–Ω, —Ç–æ–∂–µ –Ω–∏ –æ —á–µ–º. –ú–æ—Å–∫–≤–∞"
772767,1663429783,"–ö–∞–∑–∞–Ω—å. –° —Å–µ—Ä–µ–¥–∏–Ω—ã –∞–≤–≥—É—Å—Ç–∞ –≤—Å—ë –æ—Ç–ª–∏—á–Ω–æ üôå –ê–ª–ª–µ—Ä–≥–∏—è –Ω–∞ –∑–ª–∞–∫–æ–≤—ã–µ, –º–æ–ª–æ—á–∫—É"
772953,1663938085,–ê –≤ –ö–µ–º–µ—Ä–µ –≤—Å–µ –æ—Ç–ª–∏—á–Ω–æ......
772488,1663248177,–ö—Ä–∞—Å–Ω–æ–¥–∞—Ä. –ù–µ–º–Ω–æ–≥–æ —á–∏—Ö–∞—é. –Ø —É–∂–µ –Ω–µ –ø–æ–Ω–∏–º–∞—é —Å–≤–æ–π –æ—Ä–≥–∞–Ω–∏–∑–º (((
